-- Items
-- Clip Boards

INSERT INTO items (
    item_id, name, description, value, color, border_width, is_image, 
    image_path_full_res, image_preview_height, image_height, image_width, 
    image_data_url, is_image_data, is_masked, is_text, is_code, 
    is_link, is_video, has_emoji, has_masked_words, links, detected_language, 
    is_active, is_disabled, is_deleted, is_folder, is_separator, is_board, 
    is_menu, is_clip, is_protected, is_pinned, is_favorite, size, layout, 
    layout_items_max_width, layout_split, show_description, 
    pinned_order_number, created_at, updated_at, created_date, updated_date
)
VALUES (
    'e6DWNga23mqAQAGPEZIIY', 'My Personal Clips', 'Clips with my personal information', 
    NULL, NULL, 0, FALSE, NULL, 0, 0, 0, NULL, FALSE, FALSE, TRUE, FALSE, 
    FALSE, FALSE, FALSE, FALSE, NULL, NULL, TRUE, FALSE, FALSE, FALSE, FALSE, TRUE, 
    FALSE, FALSE, FALSE, FALSE, FALSE, NULL, NULL, NULL, 1, FALSE, NULL, 
    1685592000, 1685592000, '2023-06-01 00:00:00', '2023-06-01 00:00:00'
);

INSERT INTO items (
    item_id, name, description, value, color, border_width, is_image, 
    image_path_full_res, image_preview_height, image_height, image_width, 
    image_data_url, is_image_data, is_masked, is_text, is_code, 
    is_link, is_video, has_emoji, has_masked_words, links, detected_language, 
    is_active, is_disabled, is_deleted, is_folder, is_separator, is_board, 
    is_menu, is_clip, is_protected, is_pinned, is_favorite, size, layout, 
    layout_items_max_width, layout_split, show_description, 
    pinned_order_number, created_at, updated_at, created_date, updated_date
)
VALUES (
    'iIjaw4FUqVqlpkXgF3C7U', 'Code Snippets', 'Most used code snippets', NULL, 
    NULL, 0, FALSE, NULL, 0, 0, 0, NULL, FALSE, FALSE, TRUE, FALSE, 
    FALSE, FALSE, FALSE, FALSE, NULL, NULL, TRUE, FALSE, FALSE, FALSE, FALSE, 
    TRUE, FALSE, FALSE, FALSE, FALSE, FALSE, NULL, NULL, NULL, 1, FALSE, 
    NULL, 1685592000, 1685592000, '2023-06-01 00:00:00', '2023-06-01 00:00:00'
);

INSERT INTO items (
    item_id, name, description, value, color, border_width, is_image, 
    image_path_full_res, image_preview_height, image_height, image_width, 
    image_data_url, is_image_data, is_masked, is_text, is_code, 
    is_link, is_video, has_emoji, has_masked_words, links, detected_language, 
    is_active, is_disabled, is_deleted, is_folder, is_separator, is_board, 
    is_menu, is_clip, is_protected, is_pinned, is_favorite, size, layout, 
    layout_items_max_width, layout_split, show_description, 
    pinned_order_number, created_at, updated_at, created_date, updated_date
)
VALUES (
    'oVB7PmYmo3JoAAB0c1Oal', 'Screenshots', 'Recent screenshot', NULL, NULL, 0, FALSE, NULL, 0, 0, 0, 
    NULL, FALSE, FALSE, TRUE, FALSE, FALSE, FALSE, FALSE, FALSE, NULL, NULL, TRUE, FALSE, 
    FALSE, FALSE, FALSE, TRUE, FALSE, FALSE, FALSE, FALSE, FALSE, NULL, NULL, NULL, 1, FALSE, NULL,
    1685592000, 1685592000, '2023-06-01 00:00:00', '2023-06-01 00:00:00'
);

INSERT INTO items (
    item_id, name, description, value, color, border_width, is_image, 
    image_path_full_res, image_preview_height, image_height, image_width, 
    image_data_url, is_image_data, is_masked, is_text, is_code, 
    is_link, is_video, has_emoji, has_masked_words, links, detected_language, 
    is_active, is_disabled, is_deleted, is_folder, is_separator, is_board, 
    is_menu, is_clip, is_protected, is_pinned, is_favorite, size, layout, 
    layout_items_max_width, layout_split, show_description, 
    pinned_order_number, created_at, updated_at, created_date, updated_date
)
VALUES (
    'VXmC8SLi3bwK2s0jjetyT', 'Web Research', 'Links, images and text from the web', NULL, NULL, 0, FALSE, NULL, 0, 0, 0, 
    NULL, FALSE, FALSE, TRUE, FALSE, FALSE, FALSE, FALSE, FALSE, NULL, NULL, TRUE, FALSE, 
    FALSE, FALSE, FALSE, TRUE, FALSE, FALSE, FALSE, FALSE, FALSE, NULL, NULL, NULL, 1, FALSE, NULL,
    1685592000, 1685592000, '2023-06-01 00:00:00', '2023-06-01 00:00:00'
);

INSERT INTO items (
    item_id, name, description, value, color, border_width, is_image, 
    image_path_full_res, image_preview_height, image_height, image_width, 
    image_data_url, is_image_data, is_masked, is_text, is_code, 
    is_link, is_video, has_emoji, has_masked_words, links, detected_language, 
    is_active, is_disabled, is_deleted, is_folder, is_separator, is_board, 
    is_menu, is_clip, is_protected, is_pinned, is_favorite, size, layout, 
    layout_items_max_width, layout_split, show_description, 
    pinned_order_number, created_at, updated_at, created_date, updated_date
)
VALUES (
    'JXmC8SLi3bwK2s0jjetyT', 'Notes and Information', NULL, NULL, NULL, 0, FALSE, NULL, 0, 0, 0, 
    NULL, FALSE, FALSE, TRUE, FALSE, FALSE, FALSE, FALSE, FALSE, NULL, NULL, TRUE, FALSE, 
    FALSE, FALSE, FALSE, TRUE, FALSE, FALSE, FALSE, FALSE, FALSE, NULL, NULL, NULL, 1, FALSE, NULL,
    1685592000, 1685592000, '2023-06-01 00:00:00', '2023-06-01 00:00:00'
);

INSERT INTO items (
    item_id, name, description, value, color, border_width, is_image, 
    image_path_full_res, image_preview_height, image_height, image_width, 
    image_data_url, is_image_data, is_masked, is_text, is_code, 
    is_link, is_video, has_emoji, has_masked_words, links, detected_language, 
    is_active, is_disabled, is_deleted, is_folder, is_separator, is_board, 
    is_menu, is_clip, is_protected, is_pinned, is_favorite, size, layout, 
    layout_items_max_width, layout_split, show_description, 
    pinned_order_number, created_at, updated_at, created_date, updated_date
)
VALUES (
    'BXmC8SLi3bwK2s0jjetyZ', 'My Information', NULL, NULL, NULL, 0, FALSE, NULL, 0, 0, 0, 
    NULL, FALSE, FALSE, TRUE, FALSE, FALSE, FALSE, FALSE, FALSE, NULL, NULL, TRUE, FALSE, 
    FALSE, FALSE, FALSE, TRUE, FALSE, FALSE, FALSE, FALSE, FALSE, NULL, NULL, NULL, 1, FALSE, NULL,
    1685592000, 1685592000, '2023-06-01 00:00:00', '2023-06-01 00:00:00'
);

INSERT INTO items (
    item_id, name, description, value, color, border_width, is_image, 
    image_path_full_res, image_preview_height, image_height, image_width, 
    image_data_url, is_image_data, is_masked, is_text, is_code, 
    is_link, is_video, has_emoji, has_masked_words, links, detected_language, 
    is_active, is_disabled, is_deleted, is_folder, is_separator, is_board, 
    is_menu, is_clip, is_protected, is_pinned, is_favorite, size, layout, 
    layout_items_max_width, layout_split, show_description, 
    pinned_order_number, created_at, updated_at, created_date, updated_date
)
VALUES (
    'u2dkElWRNRwE9203zLPku', 'Name', 'My first name', 'John Joe', NULL, 2, FALSE, NULL, 0, 0, 0, 
    NULL, FALSE, FALSE, TRUE, FALSE, FALSE, FALSE, FALSE, FALSE, NULL, NULL, TRUE, FALSE, 
    FALSE, FALSE, FALSE, FALSE, FALSE, TRUE, FALSE, FALSE, FALSE, NULL, NULL, NULL, 1, FALSE, NULL,
    1685592000, 1685592000, '2023-06-01 00:00:00', '2023-06-01 00:00:00'
);

INSERT INTO items (
    item_id, name, description, value, color, border_width, is_image, 
    image_path_full_res, image_preview_height, image_height, image_width, 
    image_data_url, is_image_data, is_masked, is_text, is_code, 
    is_link, is_video, has_emoji, has_masked_words, links, detected_language, 
    is_active, is_disabled, is_deleted, is_folder, is_separator, is_board, 
    is_menu, is_clip, is_protected, is_pinned, is_favorite, size, layout, 
    layout_items_max_width, layout_split, show_description, 
    pinned_order_number, created_at, updated_at, created_date, updated_date
)
VALUES (
    'u3dkElWRNRwE9903zLPku', 'Email', 'My Yahoo email', 'joe@yahoo.com', NULL, 2, FALSE, NULL, 0, 0, 0, 
    NULL, FALSE, FALSE, TRUE, FALSE, FALSE, FALSE, FALSE, FALSE, NULL, NULL, TRUE, FALSE, 
    FALSE, FALSE, FALSE, FALSE, FALSE, TRUE, FALSE, FALSE, FALSE, NULL, NULL, NULL, 1, FALSE, NULL,
    1685592000, 1685592000, '2023-06-01 00:00:00', '2023-06-01 00:00:00'
);
INSERT INTO items (
    item_id, name, description, value, color, border_width, is_image, 
    image_path_full_res, image_preview_height, image_height, image_width, 
    image_data_url, is_image_data, is_masked, is_text, is_code, 
    is_link, is_video, has_emoji, has_masked_words, links, detected_language, 
    is_active, is_disabled, is_deleted, is_folder, is_separator, is_board, 
    is_menu, is_clip, is_protected, is_pinned, is_favorite, size, layout, 
    layout_items_max_width, layout_split, show_description, 
    pinned_order_number, created_at, updated_at, created_date, updated_date
)
VALUES (
    'ZSHe6S5w6XAU0OOhHBAs2', 'Bank', 'Bank information', 'Bank Name: [b]XYZ Bank[/b]
Account Number: [b]123456789[/b]
Routing Number: [b]987654321[/b]', NULL, 2, FALSE, NULL, 0, 0, 0, 
    NULL, FALSE, FALSE, TRUE, FALSE, FALSE, FALSE, FALSE, FALSE, NULL, NULL, TRUE, FALSE, 
    FALSE, FALSE, FALSE, FALSE, FALSE, TRUE, FALSE, FALSE, FALSE, NULL, NULL, NULL, 1, FALSE, NULL,
    1685592000, 1685592000, '2023-06-01 00:00:00', '2023-06-01 00:00:00'
);

INSERT INTO items (
    item_id, name, description, value, color, border_width, is_image, 
    image_path_full_res, image_preview_height, image_height, image_width, 
    image_data_url, is_image_data, is_masked, is_text, is_code, 
    is_link, is_video, has_emoji, has_masked_words, links, detected_language, 
    is_active, is_disabled, is_deleted, is_folder, is_separator, is_board, 
    is_menu, is_clip, is_protected, is_pinned, is_favorite, size, layout, 
    layout_items_max_width, layout_split, show_description, 
    pinned_order_number, created_at, updated_at, created_date, updated_date
)
VALUES (
    'ZSHe6S5w6XAU0OOhHBAs1', 'Phone', 'Phone number', '+1 (555) 555-55-55', NULL, 2, FALSE, NULL, 0, 0, 0, 
    NULL, FALSE, FALSE, TRUE, FALSE, FALSE, FALSE, FALSE, FALSE, NULL, NULL, TRUE, FALSE, 
    FALSE, FALSE, FALSE, FALSE, FALSE, TRUE, FALSE, FALSE, FALSE, NULL, NULL, NULL, 1, FALSE, NULL,
    1685592000, 1685592000, '2023-06-01 00:00:00', '2023-06-01 00:00:00'
);

INSERT INTO items (
    item_id, name, description, value, color, border_width, is_image, 
    image_path_full_res, image_preview_height, image_height, image_width, 
    image_data_url, is_image_data, is_masked, is_text, is_code, 
    is_link, is_video, has_emoji, has_masked_words, links, detected_language, 
    is_active, is_disabled, is_deleted, is_folder, is_separator, is_board, 
    is_menu, is_clip, is_protected, is_pinned, is_favorite, size, layout, 
    layout_items_max_width, layout_split, show_description, 
    pinned_order_number, created_at, updated_at, created_date, updated_date
)
VALUES (
    'ZSHe6S5w6XAU0OOhHBAsn', 'Address', 'Location address', '505 Brannan St, United States, 20882', NULL, 2, FALSE, NULL, 0, 0, 0, 
    NULL, FALSE, FALSE, TRUE, FALSE, FALSE, FALSE, FALSE, FALSE, NULL, NULL, TRUE, FALSE, 
    FALSE, FALSE, FALSE, FALSE, FALSE, TRUE, FALSE, FALSE, FALSE, NULL, NULL, NULL, 1, FALSE, NULL,
    1685592000, 1685592000, '2023-06-01 00:00:00', '2023-06-01 00:00:00'
);


INSERT INTO items (
    item_id, name, description, value, color, border_width, is_image, 
    image_path_full_res, image_preview_height, image_height, image_width, 
    image_data_url, is_image_data, is_masked, is_text, is_code, 
    is_link, is_video, has_emoji, has_masked_words, links, detected_language, 
    is_active, is_disabled, is_deleted, is_folder, is_separator, is_board, 
    is_menu, is_clip, is_protected, is_pinned, is_favorite, size, layout, 
    layout_items_max_width, layout_split, show_description, 
    pinned_order_number, created_at, updated_at, created_date, updated_date
)
VALUES (
    'ZSHe2S5w6XAU0OOhHBAsn', 'Hello World JS', 'Hello World in JavaScript', 'console log("hello world")', NULL, 2, FALSE, NULL, 0, 0, 0, 
    NULL, FALSE, FALSE, TRUE, FALSE, FALSE, FALSE, FALSE, FALSE, NULL, 'javascript', TRUE, FALSE, 
    FALSE, FALSE, FALSE, FALSE, FALSE, TRUE, FALSE, FALSE, FALSE, NULL, NULL, NULL, 1, FALSE, NULL,
    1685592000, 1685592000, '2023-06-01 00:00:00', '2023-06-01 00:00:00'
);

INSERT INTO items (
    item_id, name, description, value, color, border_width, is_image, 
    image_path_full_res, image_preview_height, image_height, image_width, 
    image_data_url, is_image_data, is_masked, is_text, is_code, 
    is_link, is_video, has_emoji, has_masked_words, links, detected_language, 
    is_active, is_disabled, is_deleted, is_folder, is_separator, is_board, 
    is_menu, is_clip, is_protected, is_pinned, is_favorite, size, layout, 
    layout_items_max_width, layout_split, show_description, 
    pinned_order_number, created_at, updated_at, created_date, updated_date
)
VALUES (
    'BSHe2S5w6XAU0OOhHBAsn', 'Print Line Rust', 'Print line in Rust', 'println!("hello world");', NULL, 2, FALSE, NULL, 0, 0, 0, 
    NULL, FALSE, FALSE, TRUE, FALSE, FALSE, FALSE, FALSE, FALSE, NULL, 'rust', TRUE, FALSE, 
    FALSE, FALSE, FALSE, FALSE, FALSE, TRUE, FALSE, FALSE, FALSE, NULL, NULL, NULL, 1, FALSE, NULL,
    1685592000, 1685592000, '2023-06-01 00:00:00', '2023-06-01 00:00:00'
);

INSERT INTO items (
    item_id, name, description, value, color, border_width, is_image, 
    image_path_full_res, image_preview_height, image_height, image_width, 
    image_data_url, is_image_data, is_masked, is_text, is_code, 
    is_link, is_video, has_emoji, has_masked_words, links, detected_language, 
    is_active, is_disabled, is_deleted, is_folder, is_separator, is_board, 
    is_menu, is_clip, is_protected, is_pinned, is_favorite, size, layout, 
    layout_items_max_width, layout_split, show_description, 
    pinned_order_number, created_at, updated_at, created_date, updated_date
)
VALUES (
    'DSHe2S5w6XAU0OOhHBAsn', 'Float Right Flex CSS', 'Float right container with CSS', 'margin-left: auto;', NULL, 2, FALSE, NULL, 0, 0, 0, 
    NULL, FALSE, FALSE, TRUE, FALSE, FALSE, FALSE, FALSE, FALSE, NULL, 'css', TRUE, FALSE, 
    FALSE, FALSE, FALSE, FALSE, FALSE, TRUE, FALSE, FALSE, FALSE, NULL, NULL, NULL, 1, FALSE, NULL,
    1685592000, 1685592000, '2023-06-01 00:00:00', '2023-06-01 00:00:00'
);

INSERT INTO items (
    item_id, name, description, value, color, border_width, is_image, 
    image_path_full_res, image_preview_height, image_height, image_width, 
    image_data_url, is_image_data, is_masked, is_text, is_code, 
    is_link, is_video, has_emoji, has_masked_words, links, detected_language, 
    is_active, is_disabled, is_deleted, is_folder, is_separator, is_board, 
    is_menu, is_clip, is_protected, is_pinned, is_favorite, size, layout, 
    layout_items_max_width, layout_split, show_description, 
    pinned_order_number, created_at, updated_at, created_date, updated_date
)
VALUES (
    'Z3dkElWRNRwE9903zLPku', 'Google Search', 'Google search website', 'https://www.google.com', NULL, 2, FALSE, NULL, 0, 0, 0, 
    NULL, FALSE, FALSE, TRUE, FALSE, FALSE, FALSE, FALSE, FALSE, NULL, NULL, TRUE, FALSE, 
    FALSE, FALSE, FALSE, FALSE, FALSE, TRUE, FALSE, FALSE, FALSE, NULL, NULL, NULL, 1, FALSE, NULL,
    1685592000, 1685592000, '2023-06-01 00:00:00', '2023-06-01 00:00:00'
);

INSERT INTO items (
    item_id, name, description, value, color, border_width, is_image, 
    image_path_full_res, image_preview_height, image_height, image_width, 
    image_data_url, is_image_data, is_masked, is_text, is_code, 
    is_link, is_video, has_emoji, has_masked_words, links, detected_language, 
    is_active, is_disabled, is_deleted, is_folder, is_separator, is_board, 
    is_menu, is_clip, is_protected, is_pinned, is_favorite, size, layout, 
    layout_items_max_width, layout_split, show_description, 
    pinned_order_number, created_at, updated_at, created_date, updated_date
)
VALUES (
    'Y3dkElWRNRwE9903zLPku', 'Service Providers', 'Service Provider Contacts', 'Electrician: John Electric, (123) 456-7890
Plumber: Jane Plumbing, (987) 654-3210', NULL, 2, FALSE, NULL, 0, 0, 0, 
    NULL, FALSE, FALSE, TRUE, FALSE, FALSE, FALSE, FALSE, FALSE, NULL, NULL, TRUE, FALSE, 
    FALSE, FALSE, FALSE, FALSE, FALSE, TRUE, FALSE, FALSE, FALSE, NULL, NULL, NULL, 1, FALSE, NULL,
    1685592000, 1685592000, '2023-06-01 00:00:00', '2023-06-01 00:00:00'
);

INSERT INTO items (
    item_id, name, description, value, color, border_width, is_image, 
    image_path_full_res, image_preview_height, image_height, image_width, 
    image_data_url, is_image_data, is_masked, is_text, is_code, 
    is_link, is_video, has_emoji, has_masked_words, links, detected_language, 
    is_active, is_disabled, is_deleted, is_folder, is_separator, is_board, 
    is_menu, is_clip, is_protected, is_pinned, is_favorite, size, layout, 
    layout_items_max_width, layout_split, show_description, 
    pinned_order_number, created_at, updated_at, created_date, updated_date
)
VALUES (
    'N3dkElWRNRwE9903zLPku', 'DuckDuckGo Search', 'DuckDuckGo privacy first web search', 'https://duckduckgo.com', NULL, 2, FALSE, NULL, 0, 0, 0, 
    NULL, FALSE, FALSE, TRUE, FALSE, FALSE, FALSE, FALSE, FALSE, NULL, NULL, TRUE, FALSE, 
    FALSE, FALSE, FALSE, FALSE, FALSE, TRUE, FALSE, FALSE, FALSE, NULL, NULL, NULL, 1, FALSE, NULL,
    1685592000, 1685592000, '2023-06-01 00:00:00', '2023-06-01 00:00:00'
);

INSERT INTO items (
    item_id, name, description, value, color, border_width, is_image, 
    image_path_full_res, image_preview_height, image_height, image_width, 
    image_data_url, is_image_data, is_masked, is_text, is_code, 
    is_link, is_video, has_emoji, has_masked_words, links, detected_language, 
    is_active, is_disabled, is_deleted, is_folder, is_separator, is_board, 
    is_menu, is_clip, is_protected, is_pinned, is_favorite, size, layout, 
    layout_items_max_width, layout_split, show_description, 
    pinned_order_number, created_at, updated_at, created_date, updated_date
)
VALUES (
    'N3dkZlWRNRwE9903zLPku', 'YouTube Trending Videos', 'YouTube latest trending videos', 'https://www.youtube.com/feed/trending', NULL, 2, FALSE, NULL, 0, 0, 0, 
    NULL, FALSE, FALSE, TRUE, FALSE, FALSE, FALSE, FALSE, FALSE, NULL, NULL, TRUE, FALSE, 
    FALSE, FALSE, FALSE, FALSE, FALSE, TRUE, FALSE, FALSE, FALSE, NULL, NULL, NULL, 1, FALSE, NULL,
    1685592000, 1685592000, '2023-06-01 00:00:00', '2023-06-01 00:00:00'
);

INSERT INTO items (
    item_id, name, description, value, color, border_width, is_image, 
    image_path_full_res, image_preview_height, image_height, image_width, 
    image_data_url, is_image_data, is_masked, is_text, is_code, 
    is_link, is_video, has_emoji, has_masked_words, links, detected_language, 
    is_active, is_disabled, is_deleted, is_folder, is_separator, is_board, 
    is_menu, is_clip, is_protected, is_pinned, is_favorite, size, layout, 
    layout_items_max_width, layout_split, show_description, 
    pinned_order_number, created_at, updated_at, created_date, updated_date
)
VALUES (
    'I3dkElWRNRwE9903zLPku', 'Computer specs', 'My Current computer specification', 'CPU: Intel Core i7
RAM: 16GB
Storage: 512GB SSD
OS: Windows 10', NULL, 2, FALSE, NULL, 0, 0, 0, 
    NULL, FALSE, FALSE, TRUE, FALSE, FALSE, FALSE, FALSE, FALSE, NULL, NULL, TRUE, FALSE, 
    FALSE, FALSE, FALSE, FALSE, FALSE, TRUE, FALSE, FALSE, FALSE, NULL, NULL, NULL, 1, FALSE, NULL,
    1685592000, 1685592000, '2023-06-01 00:00:00', '2023-06-01 00:00:00'
);

INSERT INTO items (
    item_id, name, description, value, color, border_width, is_image, 
    image_path_full_res, image_preview_height, image_height, image_width, 
    image_data_url, is_image_data, is_masked, is_text, is_code, 
    is_link, is_video, has_emoji, has_masked_words, links, detected_language, 
    is_active, is_disabled, is_deleted, is_folder, is_separator, is_board, 
    is_menu, is_clip, is_protected, is_pinned, is_favorite, size, layout, 
    layout_items_max_width, layout_split, show_description, 
    pinned_order_number, created_at, updated_at, created_date, updated_date
)
VALUES (
    'T3dkElWRNRwE9903zLPku', 'Shopping Lists', 'Everyday Shopping Lists', '- Milk
- Bread
- Eggs
- Butter', NULL, 2, FALSE, NULL, 0, 0, 0, 
    NULL, FALSE, FALSE, TRUE, FALSE, FALSE, FALSE, FALSE, FALSE, NULL, NULL, TRUE, FALSE, 
    FALSE, FALSE, FALSE, FALSE, FALSE, TRUE, FALSE, FALSE, FALSE, NULL, NULL, NULL, 1, FALSE, NULL,
    1685592000, 1685592000, '2023-06-01 00:00:00', '2023-06-01 00:00:00'
);

INSERT INTO items (
    item_id, name, description, value, color, border_width, is_image, 
    image_path_full_res, image_preview_height, image_height, image_width, 
    image_data_url, is_image_data, is_masked, is_text, is_code, 
    is_link, is_video, has_emoji, has_masked_words, links, detected_language, 
    is_active, is_disabled, is_deleted, is_folder, is_separator, is_board, 
    is_menu, is_clip, is_protected, is_pinned, is_favorite, size, layout, 
    layout_items_max_width, layout_split, show_description, 
    pinned_order_number, created_at, updated_at, created_date, updated_date
)
VALUES (
    'T1dkElWRNRwE9903zLPku', 'My sizes', 'My Clothing Sizes', 'Shirt Size: Medium
Shoe Size: 10', NULL, 2, FALSE, NULL, 0, 0, 0, 
    NULL, FALSE, FALSE, TRUE, FALSE, FALSE, FALSE, FALSE, FALSE, NULL, NULL, TRUE, FALSE, 
    FALSE, FALSE, FALSE, FALSE, FALSE, TRUE, FALSE, FALSE, FALSE, NULL, NULL, NULL, 1, FALSE, NULL,
    1685592000, 1685592000, '2023-06-01 00:00:00', '2023-06-01 00:00:00'
);

INSERT INTO items (
    item_id, name, description, value, color, border_width, is_image, 
    image_path_full_res, image_preview_height, image_height, image_width, 
    image_data_url, is_image_data, is_masked, is_text, is_code, 
    is_link, is_video, has_emoji, has_masked_words, links, detected_language, 
    is_active, is_disabled, is_deleted, is_folder, is_separator, is_board, 
    is_menu, is_clip, is_protected, is_pinned, is_favorite, size, layout, 
    layout_items_max_width, layout_split, show_description, 
    pinned_order_number, created_at, updated_at, created_date, updated_date
)
VALUES (
    'T9dkElWRNRwE9903zLPku', 'Home Internet Settings', 'Home Internet Settings (WIFI and Router)', 'Router IP: 192.168.1.1
Username: admin
Password: [copy][mask]Secure Password[/mask]
[/copy]
WIFI Password: [copy][mask]12345678[/mask][/copy]', NULL, 2, FALSE, NULL, 0, 0, 0, 
    NULL, FALSE, FALSE, TRUE, FALSE, FALSE, FALSE, FALSE, FALSE, NULL, NULL, TRUE, FALSE, 
    FALSE, FALSE, FALSE, FALSE, FALSE, TRUE, FALSE, FALSE, FALSE, NULL, NULL, NULL, 1, FALSE, NULL,
    1685592000, 1685592000, '2023-06-01 00:00:00', '2023-06-01 00:00:00'
);

-- Add Tabs Board
INSERT INTO tabs (tab_id, collection_id, tab_name, tab_is_active, tab_is_hidden, tab_order_number, tab_color, tab_layout, tab_layout_split, tab_is_protected)
VALUES ('Oo30zUZZ0j3n1ILexXOdx', 'Oo30wUZZ0j3n1ILexXOdx', 'Your Clips', TRUE, FALSE, 0, NULL, NULL, 2, FALSE);

INSERT INTO tabs (tab_id, collection_id, tab_name, tab_is_active, tab_is_hidden, tab_order_number, tab_color, tab_layout, tab_layout_split, tab_is_protected)
VALUES ('Oo10zUZZ0j3n1ILexXOdc', 'Oo30wUZZ0j3n1ILexXOdx', 'Web Links', TRUE, FALSE, 1, NULL, NULL, 2, FALSE);

-- Add Clips and Boards into Collection

INSERT INTO collection_clips (collection_id, item_id, tab_id, parent_id, order_number)
VALUES ('Oo30wUZZ0j3n1ILexXOdx', 'e6DWNga23mqAQAGPEZIIY', 'Oo30zUZZ0j3n1ILexXOdx', NULL, 1);

INSERT INTO collection_clips (collection_id, item_id, tab_id, parent_id, order_number)
VALUES ('Oo30wUZZ0j3n1ILexXOdx', 'JXmC8SLi3bwK2s0jjetyT', 'Oo30zUZZ0j3n1ILexXOdx', NULL, 2);

INSERT INTO collection_clips (collection_id, item_id, tab_id, parent_id, order_number)
VALUES ('Oo30wUZZ0j3n1ILexXOdx', 'iIjaw4FUqVqlpkXgF3C7U', 'Oo30zUZZ0j3n1ILexXOdx', NULL, 3);

INSERT INTO collection_clips (collection_id, item_id, tab_id, parent_id, order_number)
VALUES ('Oo30wUZZ0j3n1ILexXOdx', 'VXmC8SLi3bwK2s0jjetyT', 'Oo10zUZZ0j3n1ILexXOdc', NULL, 1);

INSERT INTO collection_clips (collection_id, item_id, tab_id, parent_id, order_number)
VALUES ('Oo30wUZZ0j3n1ILexXOdx', 'oVB7PmYmo3JoAAB0c1Oal', 'Oo10zUZZ0j3n1ILexXOdc', NULL, 2);

INSERT INTO collection_clips (collection_id, item_id, tab_id, parent_id, order_number)
VALUES ('Oo30wUZZ0j3n1ILexXOdx', 'Y3dkElWRNRwE9903zLPku', 'Oo30zUZZ0j3n1ILexXOdx', 'JXmC8SLi3bwK2s0jjetyT', 1);

INSERT INTO collection_clips (collection_id, item_id, tab_id, parent_id, order_number)
VALUES ('Oo30wUZZ0j3n1ILexXOdx', 'BXmC8SLi3bwK2s0jjetyZ', 'Oo30zUZZ0j3n1ILexXOdx', 'JXmC8SLi3bwK2s0jjetyT', 2);

INSERT INTO collection_clips (collection_id, item_id, tab_id, parent_id, order_number)
VALUES ('Oo30wUZZ0j3n1ILexXOdx', 'u2dkElWRNRwE9203zLPku', 'Oo30zUZZ0j3n1ILexXOdx', 'e6DWNga23mqAQAGPEZIIY', 1);

INSERT INTO collection_clips (collection_id, item_id, tab_id, parent_id, order_number)
VALUES ('Oo30wUZZ0j3n1ILexXOdx', 'u3dkElWRNRwE9903zLPku', 'Oo30zUZZ0j3n1ILexXOdx', 'e6DWNga23mqAQAGPEZIIY', 2);

INSERT INTO collection_clips (collection_id, item_id, tab_id, parent_id, order_number)
VALUES ('Oo30wUZZ0j3n1ILexXOdx', 'ZSHe6S5w6XAU0OOhHBAs1', 'Oo30zUZZ0j3n1ILexXOdx', 'e6DWNga23mqAQAGPEZIIY', 3);

INSERT INTO collection_clips (collection_id, item_id, tab_id, parent_id, order_number)
VALUES ('Oo30wUZZ0j3n1ILexXOdx', 'ZSHe6S5w6XAU0OOhHBAsn', 'Oo30zUZZ0j3n1ILexXOdx', 'e6DWNga23mqAQAGPEZIIY', 4);

INSERT INTO collection_clips (collection_id, item_id, tab_id, parent_id, order_number)
VALUES ('Oo30wUZZ0j3n1ILexXOdx', 'ZSHe6S5w6XAU0OOhHBAs2', 'Oo30zUZZ0j3n1ILexXOdx', 'e6DWNga23mqAQAGPEZIIY', 3);

INSERT INTO collection_clips (collection_id, item_id, tab_id, parent_id, order_number)
VALUES ('Oo30wUZZ0j3n1ILexXOdx', 'ZSHe2S5w6XAU0OOhHBAsn', 'Oo30zUZZ0j3n1ILexXOdx', 'iIjaw4FUqVqlpkXgF3C7U', 1);

INSERT INTO collection_clips (collection_id, item_id, tab_id, parent_id, order_number)
VALUES ('Oo30wUZZ0j3n1ILexXOdx', 'BSHe2S5w6XAU0OOhHBAsn', 'Oo30zUZZ0j3n1ILexXOdx', 'iIjaw4FUqVqlpkXgF3C7U', 2);

INSERT INTO collection_clips (collection_id, item_id, tab_id, parent_id, order_number)
VALUES ('Oo30wUZZ0j3n1ILexXOdx', 'DSHe2S5w6XAU0OOhHBAsn', 'Oo30zUZZ0j3n1ILexXOdx', 'iIjaw4FUqVqlpkXgF3C7U', 3);

INSERT INTO collection_clips (collection_id, item_id, tab_id, parent_id, order_number)
VALUES ('Oo30wUZZ0j3n1ILexXOdx', 'N3dkElWRNRwE9903zLPku', 'Oo10zUZZ0j3n1ILexXOdc', 'VXmC8SLi3bwK2s0jjetyT', 1);

INSERT INTO collection_clips (collection_id, item_id, tab_id, parent_id, order_number)
VALUES ('Oo30wUZZ0j3n1ILexXOdx', 'Z3dkElWRNRwE9903zLPku', 'Oo10zUZZ0j3n1ILexXOdc', 'VXmC8SLi3bwK2s0jjetyT', 2);

INSERT INTO collection_clips (collection_id, item_id, tab_id, parent_id, order_number)
VALUES ('Oo30wUZZ0j3n1ILexXOdx', 'N3dkZlWRNRwE9903zLPku', 'Oo10zUZZ0j3n1ILexXOdc', 'VXmC8SLi3bwK2s0jjetyT', 3);

INSERT INTO collection_clips (collection_id, item_id, tab_id, parent_id, order_number)
VALUES ('Oo30wUZZ0j3n1ILexXOdx', 'I3dkElWRNRwE9903zLPku', 'Oo30zUZZ0j3n1ILexXOdx', 'BXmC8SLi3bwK2s0jjetyZ', 1);

INSERT INTO collection_clips (collection_id, item_id, tab_id, parent_id, order_number)
VALUES ('Oo30wUZZ0j3n1ILexXOdx', 'T3dkElWRNRwE9903zLPku', 'Oo30zUZZ0j3n1ILexXOdx', 'BXmC8SLi3bwK2s0jjetyZ', 2);

INSERT INTO collection_clips (collection_id, item_id, tab_id, parent_id, order_number)
VALUES ('Oo30wUZZ0j3n1ILexXOdx', 'T1dkElWRNRwE9903zLPku', 'Oo30zUZZ0j3n1ILexXOdx', 'BXmC8SLi3bwK2s0jjetyZ', 3);

INSERT INTO collection_clips (collection_id, item_id, tab_id, parent_id, order_number)
VALUES ('Oo30wUZZ0j3n1ILexXOdx', 'T9dkElWRNRwE9903zLPku', 'Oo30zUZZ0j3n1ILexXOdx', 'BXmC8SLi3bwK2s0jjetyZ', 3);





